2014-11-11.23:43.mp4,0
2014-11-11.23:47.mp4,0
2014-11-11.23:51.mp4,1
2014-11-11.23:55.mp4,1
2014-11-11.23:59.mp4,1
2014-11-12.00:03.mp4,1
2014-11-12.00:07.mp4,1
2014-11-12.00:11.mp4,0
2014-11-12.00:16.mp4,0
2014-11-12.00:21.mp4,1
2014-11-12.00:26.mp4,1
2014-11-12.00:31.mp4,1
2014-11-12.00:36.mp4,1
2014-11-12.00:41.mp4,1
2014-11-12.00:46.mp4,1
2014-11-12.00:51.mp4,2
2014-11-12.00:56.mp4,2
2014-11-12.01:01.mp4,1
2014-11-12.01:06.mp4,0
2014-11-12.01:11.mp4,1
2014-11-12.01:16.mp4,1
2014-11-12.01:21.mp4,0
2014-11-12.01:26.mp4,2
2014-11-12.01:31.mp4,1
2014-11-12.01:36.mp4,1
2014-11-12.01:41.mp4,1
2014-11-12.01:46.mp4,0
2014-11-12.01:51.mp4,0
2014-11-12.01:56.mp4,1
2014-11-12.02:01.mp4,0
2014-11-12.02:06.mp4,0
2014-11-12.02:11.mp4,1
2014-11-12.02:16.mp4,0
2014-11-12.02:21.mp4,0
2014-11-12.02:26.mp4,0
2014-11-12.02:31.mp4,1
2014-11-12.02:36.mp4,1
2014-11-12.02:41.mp4,0
2014-11-12.02:46.mp4,1
2014-11-12.02:51.mp4,0
2014-11-12.02:56.mp4,1
2014-11-12.03:01.mp4,1
2014-11-12.03:06.mp4,1
2014-11-12.03:11.mp4,0
2014-11-12.03:16.mp4,1
2014-11-12.03:21.mp4,1
2014-11-12.03:26.mp4,1
2014-11-12.03:31.mp4,2
2014-11-12.03:36.mp4,2
2014-11-12.03:41.mp4,1
2014-11-12.03:46.mp4,1
2014-11-12.03:51.mp4,2
2014-11-12.03:56.mp4,0
2014-11-12.04:01.mp4,3
2014-11-12.04:06.mp4,0
2014-11-12.04:11.mp4,1
2014-11-12.04:16.mp4,0
2014-11-12.04:21.mp4,1
2014-11-12.04:26.mp4,1
2014-11-12.04:31.mp4,1
2014-11-12.04:36.mp4,0
2014-11-12.04:41.mp4,1
2014-11-12.04:46.mp4,0
2014-11-12.04:51.mp4,0
2014-11-12.04:56.mp4,1
2014-11-12.05:01.mp4,0
2014-11-12.05:06.mp4,1
2014-11-12.05:11.mp4,0
2014-11-12.05:16.mp4,0
2014-11-12.05:21.mp4,0
2014-11-12.05:26.mp4,0
2014-11-12.05:31.mp4,0
2014-11-12.05:36.mp4,1
2014-11-12.05:41.mp4,0
2014-11-12.05:46.mp4,1
2014-11-12.05:51.mp4,0
2014-11-12.05:56.mp4,0
2014-11-12.06:01.mp4,0
2014-11-12.06:06.mp4,1
2014-11-12.06:11.mp4,0
2014-11-12.06:16.mp4,0
2014-11-12.06:21.mp4,1
2014-11-12.06:26.mp4,0
2014-11-12.06:31.mp4,0
2014-11-12.06:36.mp4,1
2014-11-12.06:41.mp4,1
2014-11-12.06:46.mp4,0
2014-11-12.06:51.mp4,1
2014-11-12.06:56.mp4,0
2014-11-12.07:01.mp4,0
2014-11-12.07:06.mp4,0
2014-11-12.07:11.mp4,1
2014-11-12.07:16.mp4,0
2014-11-12.07:21.mp4,0
2014-11-12.07:26.mp4,0
2014-11-12.07:31.mp4,0
2014-11-12.07:36.mp4,0
2014-11-12.07:41.mp4,1
2014-11-12.07:46.mp4,0
2014-11-12.07:51.mp4,0
2014-11-12.07:56.mp4,0
2014-11-12.08:01.mp4,0
2014-11-12.08:06.mp4,1
2014-11-12.08:11.mp4,0
2014-11-12.08:16.mp4,0
2014-11-12.08:21.mp4,0
2014-11-12.08:26.mp4,0
2014-11-12.08:31.mp4,0
2014-11-12.08:37.mp4,0
2014-11-12.08:42.mp4,0
2014-11-12.08:47.mp4,0
2014-11-12.08:52.mp4,1
2014-11-12.08:57.mp4,0
2014-11-12.09:02.mp4,0
2014-11-12.09:07.mp4,0
2014-11-12.09:12.mp4,0
2014-11-12.09:17.mp4,0
2014-11-12.09:22.mp4,0
2014-11-12.09:27.mp4,0
2014-11-12.09:32.mp4,0
2014-11-12.09:37.mp4,0
2014-11-12.09:42.mp4,0
2014-11-12.09:47.mp4,0
2014-11-12.09:52.mp4,1
2014-11-12.09:57.mp4,0
2014-11-12.10:02.mp4,0
2014-11-12.10:07.mp4,0
2014-11-12.10:12.mp4,0
2014-11-12.10:17.mp4,0
2014-11-12.10:22.mp4,0
2014-11-12.10:27.mp4,0
2014-11-12.10:32.mp4,1
2014-11-12.10:37.mp4,0
2014-11-12.10:42.mp4,0
2014-11-12.10:47.mp4,0
2014-11-12.10:52.mp4,0
2014-11-12.10:57.mp4,0
2014-11-12.11:02.mp4,0
2014-11-12.11:07.mp4,0
2014-11-12.11:12.mp4,0
2014-11-12.11:17.mp4,1
2014-11-12.11:22.mp4,2
2014-11-12.11:27.mp4,2
2014-11-12.11:32.mp4,3
2014-11-12.11:37.mp4,2
2014-11-12.11:42.mp4,2
2014-11-12.11:47.mp4,3
2014-11-12.11:52.mp4,3
2014-11-12.11:57.mp4,3
2014-11-12.12:02.mp4,3
2014-11-12.12:07.mp4,3
2014-11-12.12:12.mp4,3
2014-11-12.12:17.mp4,3
2014-11-12.12:22.mp4,0
2014-11-12.12:27.mp4,3
2014-11-12.12:32.mp4,3
2014-11-12.12:37.mp4,0
2014-11-12.12:42.mp4,3
2014-11-12.12:47.mp4,3
2014-11-12.12:52.mp4,3
2014-11-12.12:57.mp4,3
2014-11-12.13:02.mp4,3
2014-11-12.13:07.mp4,3
2014-11-12.13:12.mp4,3
2014-11-12.13:17.mp4,1
2014-11-12.13:22.mp4,2
2014-11-12.13:27.mp4,3
2014-11-12.13:32.mp4,3
2014-11-12.13:37.mp4,1
2014-11-12.13:42.mp4,3
2014-11-12.13:47.mp4,2
2014-11-12.13:52.mp4,3
2014-11-12.13:57.mp4,3
2014-11-12.14:02.mp4,4
2014-11-12.14:07.mp4,2
2014-11-12.14:12.mp4,0
2014-11-12.14:17.mp4,0
2014-11-12.14:22.mp4,0
2014-11-12.14:27.mp4,1
2014-11-12.14:32.mp4,0
2014-11-12.14:37.mp4,0
2014-11-12.14:42.mp4,0
2014-11-12.14:47.mp4,0
2014-11-12.14:52.mp4,1
2014-11-12.14:57.mp4,0
2014-11-12.15:02.mp4,1
2014-11-12.15:07.mp4,0
2014-11-12.15:12.mp4,0
2014-11-12.15:17.mp4,1
2014-11-12.15:22.mp4,0
2014-11-12.15:27.mp4,0
2014-11-12.15:32.mp4,0
2014-11-12.15:37.mp4,0
2014-11-12.15:42.mp4,0
2014-11-12.15:47.mp4,0
2014-11-12.15:52.mp4,0
2014-11-12.15:57.mp4,1
2014-11-12.16:02.mp4,1
2014-11-12.16:07.mp4,0
2014-11-12.16:12.mp4,1
2014-11-12.16:17.mp4,0
2014-11-12.16:22.mp4,1
2014-11-12.16:27.mp4,1
2014-11-12.16:32.mp4,1
2014-11-12.16:37.mp4,1
2014-11-12.16:42.mp4,1
2014-11-12.16:47.mp4,1
2014-11-12.16:52.mp4,1
2014-11-12.16:57.mp4,0
2014-11-12.17:02.mp4,1
2014-11-12.17:07.mp4,1
2014-11-12.17:12.mp4,2
2014-11-12.17:17.mp4,1
2014-11-12.17:22.mp4,2
2014-11-12.17:27.mp4,1
2014-11-12.17:32.mp4,2
2014-11-12.17:37.mp4,1
2014-11-12.17:42.mp4,1
2014-11-12.17:47.mp4,1
2014-11-12.17:52.mp4,2
2014-11-12.17:57.mp4,1
2014-11-12.18:02.mp4,0
2014-11-12.18:07.mp4,1
2014-11-12.18:12.mp4,0
2014-11-12.18:18.mp4,0
2014-11-12.18:23.mp4,1
2014-11-12.18:28.mp4,0
2014-11-12.18:33.mp4,0
2014-11-12.18:38.mp4,0
2014-11-12.18:43.mp4,1
2014-11-12.18:48.mp4,0
2014-11-12.18:53.mp4,0
2014-11-12.18:58.mp4,0
2014-11-12.19:03.mp4,1
2014-11-12.19:08.mp4,0
2014-11-12.19:13.mp4,1
2014-11-12.19:18.mp4,2
2014-11-12.19:23.mp4,0
2014-11-12.19:28.mp4,1
2014-11-12.19:33.mp4,2
2014-11-12.19:38.mp4,1
2014-11-12.19:43.mp4,1
2014-11-12.19:48.mp4,2
2014-11-12.19:53.mp4,1
2014-11-12.19:58.mp4,1
2014-11-12.20:03.mp4,2
2014-11-12.20:08.mp4,1
2014-11-12.20:13.mp4,2
2014-11-12.20:18.mp4,2
2014-11-12.20:23.mp4,2
2014-11-12.20:28.mp4,2
2014-11-12.20:33.mp4,2
2014-11-12.20:38.mp4,2
2014-11-12.20:43.mp4,1
2014-11-12.20:48.mp4,2
2014-11-12.20:53.mp4,3
2014-11-12.20:58.mp4,2
2014-11-12.21:03.mp4,3
2014-11-12.21:08.mp4,3
2014-11-12.21:13.mp4,2
2014-11-12.21:18.mp4,1
2014-11-12.21:23.mp4,4
2014-11-12.21:28.mp4,4
2014-11-12.21:33.mp4,4
2014-11-12.21:38.mp4,4
2014-11-12.21:43.mp4,3
2014-11-12.21:48.mp4,3
2014-11-12.21:53.mp4,3
2014-11-12.21:58.mp4,3
2014-11-12.22:03.mp4,2
2014-11-12.22:08.mp4,2
2014-11-12.22:13.mp4,2
2014-11-12.22:18.mp4,2
2014-11-12.22:23.mp4,4
2014-11-12.22:28.mp4,4
2014-11-12.22:33.mp4,3
2014-11-12.22:38.mp4,4
2014-11-12.22:43.mp4,3
2014-11-12.22:48.mp4,2
2014-11-12.22:53.mp4,1
2014-11-12.22:58.mp4,2
2014-11-12.23:03.mp4,2
2014-11-12.23:08.mp4,1
2014-11-12.23:13.mp4,1
2014-11-12.23:18.mp4,2
2014-11-12.23:23.mp4,0
2014-11-12.23:28.mp4,2
2014-11-12.23:33.mp4,0
2014-11-12.23:38.mp4,2
2014-11-12.23:43.mp4,1
2014-11-12.23:48.mp4,1
2014-11-12.23:53.mp4,2
2014-11-12.23:58.mp4,1
2014-11-13.00:03.mp4,0
2014-11-13.00:08.mp4,1
2014-11-13.00:13.mp4,0
2014-11-13.00:18.mp4,1
2014-11-13.00:23.mp4,1
2014-11-13.00:28.mp4,1
2014-11-13.00:33.mp4,2
2014-11-13.00:38.mp4,2
2014-11-13.00:43.mp4,2
2014-11-13.00:48.mp4,0
2014-11-13.00:53.mp4,1
2014-11-13.00:58.mp4,1
2014-11-13.01:03.mp4,1
2014-11-13.01:08.mp4,2
2014-11-13.01:13.mp4,2
2014-11-13.01:18.mp4,0
2014-11-13.01:23.mp4,1
2014-11-13.01:28.mp4,1
2014-11-13.01:33.mp4,1
2014-11-13.01:38.mp4,0
2014-11-13.01:43.mp4,0
2014-11-13.01:48.mp4,1
2014-11-13.01:53.mp4,1
2014-11-13.01:58.mp4,0
2014-11-13.02:03.mp4,2
2014-11-13.02:08.mp4,0
2014-11-13.02:13.mp4,1
2014-11-13.02:18.mp4,1
2014-11-13.02:23.mp4,1
2014-11-13.02:28.mp4,0
2014-11-13.02:33.mp4,0
2014-11-13.02:38.mp4,1
2014-11-13.02:43.mp4,1
2014-11-13.02:48.mp4,2
2014-11-13.02:53.mp4,1
2014-11-13.02:58.mp4,1
2014-11-13.03:03.mp4,1
2014-11-13.03:08.mp4,1
2014-11-13.03:13.mp4,1
2014-11-13.03:18.mp4,1
2014-11-13.03:23.mp4,1
2014-11-13.03:28.mp4,1
2014-11-13.03:33.mp4,2
2014-11-13.03:38.mp4,1
2014-11-13.03:43.mp4,1
2014-11-13.03:48.mp4,1
2014-11-13.03:53.mp4,1
2014-11-13.03:58.mp4,0
2014-11-13.04:03.mp4,0
2014-11-13.04:08.mp4,1
2014-11-13.04:13.mp4,1
2014-11-13.04:18.mp4,1
2014-11-13.04:23.mp4,1
2014-11-13.04:28.mp4,0
2014-11-13.04:33.mp4,0
2014-11-13.04:38.mp4,0
2014-11-13.04:43.mp4,1
2014-11-13.04:48.mp4,1
2014-11-13.04:53.mp4,1
2014-11-13.04:58.mp4,1
2014-11-13.05:03.mp4,1
2014-11-13.05:08.mp4,1
2014-11-13.05:13.mp4,0
2014-11-13.05:18.mp4,0
2014-11-13.05:23.mp4,1
2014-11-13.05:29.mp4,1
2014-11-13.05:34.mp4,0
2014-11-13.05:39.mp4,1
2014-11-13.05:44.mp4,0
2014-11-13.05:49.mp4,0
2014-11-13.05:54.mp4,0
2014-11-13.05:59.mp4,0
2014-11-13.06:04.mp4,1
2014-11-13.06:09.mp4,0
2014-11-13.06:14.mp4,0
2014-11-13.06:19.mp4,0
2014-11-13.06:24.mp4,1
2014-11-13.06:29.mp4,0
2014-11-13.06:34.mp4,0
2014-11-13.06:39.mp4,1
2014-11-13.06:44.mp4,0
2014-11-13.06:49.mp4,0
2014-11-13.06:54.mp4,0
2014-11-13.06:59.mp4,1
2014-11-13.07:04.mp4,0
2014-11-13.07:09.mp4,0
2014-11-13.07:14.mp4,1
2014-11-13.07:19.mp4,1
2014-11-13.07:24.mp4,0
2014-11-13.07:29.mp4,0
2014-11-13.07:34.mp4,1
2014-11-13.07:39.mp4,0
2014-11-13.07:44.mp4,0
2014-11-13.07:49.mp4,0
2014-11-13.07:54.mp4,0
2014-11-13.07:59.mp4,0
2014-11-13.08:04.mp4,0
2014-11-13.08:09.mp4,0
2014-11-13.08:14.mp4,0
2014-11-13.08:19.mp4,0
2014-11-13.08:24.mp4,0
2014-11-13.08:29.mp4,0
2014-11-13.08:34.mp4,0
2014-11-13.08:39.mp4,0
2014-11-13.08:44.mp4,0
2014-11-13.08:49.mp4,0
2014-11-13.08:54.mp4,0
2014-11-13.08:59.mp4,0
2014-11-13.09:04.mp4,0
2014-11-13.09:09.mp4,0
2014-11-13.09:14.mp4,0
2014-11-13.09:19.mp4,0
2014-11-13.09:24.mp4,0
2014-11-13.09:29.mp4,0
2014-11-13.09:34.mp4,0
2014-11-13.09:39.mp4,0
2014-11-13.09:44.mp4,0
2014-11-13.09:49.mp4,0
2014-11-13.09:54.mp4,0
2014-11-13.09:59.mp4,0
2014-11-13.10:04.mp4,0
2014-11-13.10:09.mp4,0
2014-11-13.10:14.mp4,1
2014-11-13.10:19.mp4,0
2014-11-13.10:24.mp4,0
2014-11-13.10:29.mp4,0
2014-11-13.10:34.mp4,0
2014-11-13.10:39.mp4,0
2014-11-13.10:44.mp4,0
2014-11-13.10:49.mp4,0
2014-11-13.10:54.mp4,0
2014-11-13.10:59.mp4,0
2014-11-13.11:04.mp4,0
2014-11-13.11:09.mp4,0
2014-11-13.11:14.mp4,0
2014-11-13.11:19.mp4,3
2014-11-13.11:24.mp4,0
2014-11-13.11:29.mp4,4
2014-11-13.11:34.mp4,4
2014-11-13.11:39.mp4,4
2014-11-13.11:44.mp4,4
2014-11-13.11:49.mp4,3
2014-11-13.11:54.mp4,3
2014-11-13.11:59.mp4,3
2014-11-13.12:04.mp4,3
2014-11-13.12:09.mp4,4
2014-11-13.12:14.mp4,4
2014-11-13.12:19.mp4,4
2014-11-13.12:24.mp4,4
2014-11-13.12:29.mp4,3
2014-11-13.12:34.mp4,3
2014-11-13.12:39.mp4,3
2014-11-13.12:44.mp4,3
2014-11-13.12:49.mp4,4
2014-11-13.12:54.mp4,3
2014-11-13.12:59.mp4,4
2014-11-13.13:04.mp4,4
2014-11-13.13:09.mp4,3
2014-11-13.13:14.mp4,4
2014-11-13.13:19.mp4,4
2014-11-13.13:24.mp4,3
2014-11-13.13:29.mp4,3
2014-11-13.13:34.mp4,3
2014-11-13.13:39.mp4,4
2014-11-13.13:44.mp4,4
2014-11-13.13:49.mp4,3
2014-11-13.13:54.mp4,3
2014-11-13.13:59.mp4,3
2014-11-13.14:04.mp4,0
2014-11-13.14:09.mp4,0
2014-11-13.14:14.mp4,0
2014-11-13.14:19.mp4,3
2014-11-13.14:24.mp4,1
2014-11-13.14:29.mp4,0
2014-11-13.14:34.mp4,0
2014-11-13.14:39.mp4,1
2014-11-13.14:44.mp4,0
2014-11-13.14:49.mp4,1
2014-11-13.14:54.mp4,0
2014-11-13.14:59.mp4,0
2014-11-13.15:04.mp4,0
2014-11-13.15:09.mp4,0
2014-11-13.15:14.mp4,0
2014-11-13.15:19.mp4,0
2014-11-13.15:24.mp4,1
2014-11-13.15:29.mp4,0
2014-11-13.15:34.mp4,0
2014-11-13.15:40.mp4,1
2014-11-13.15:45.mp4,0
2014-11-13.15:50.mp4,0
2014-11-13.15:55.mp4,0
2014-11-13.16:00.mp4,1
2014-11-13.16:05.mp4,0
2014-11-13.16:10.mp4,0
2014-11-13.16:15.mp4,0
2014-11-13.16:20.mp4,0
2014-11-13.16:25.mp4,5
2014-11-13.16:30.mp4,5
2014-11-13.16:35.mp4,5
2014-11-13.16:40.mp4,2
2014-11-13.16:45.mp4,0
2014-11-13.16:50.mp4,1
2014-11-13.16:55.mp4,1
2014-11-13.17:00.mp4,1
2014-11-13.17:05.mp4,1
2014-11-13.17:10.mp4,0
2014-11-13.17:15.mp4,1
2014-11-13.17:20.mp4,2
2014-11-13.17:25.mp4,1
2014-11-13.17:30.mp4,1
2014-11-13.17:35.mp4,2
2014-11-13.17:40.mp4,1
2014-11-13.17:45.mp4,0
2014-11-13.17:50.mp4,1
2014-11-13.17:55.mp4,1
2014-11-13.18:00.mp4,0
2014-11-13.18:05.mp4,1
2014-11-13.18:10.mp4,1
2014-11-13.18:15.mp4,1
2014-11-13.18:20.mp4,1
2014-11-13.18:25.mp4,1
2014-11-13.18:30.mp4,0
2014-11-13.18:35.mp4,0
2014-11-13.18:40.mp4,1
2014-11-13.18:45.mp4,0
2014-11-13.18:50.mp4,1
2014-11-13.18:55.mp4,2
2014-11-13.19:00.mp4,2
2014-11-13.19:05.mp4,0
2014-11-13.19:10.mp4,0
2014-11-13.19:15.mp4,0
2014-11-13.19:20.mp4,2
2014-11-13.19:25.mp4,2
2014-11-13.19:30.mp4,2
2014-11-13.19:35.mp4,1
2014-11-13.19:40.mp4,2
2014-11-13.19:45.mp4,1
2014-11-13.19:50.mp4,2
2014-11-13.19:55.mp4,2
2014-11-13.20:00.mp4,2
2014-11-13.20:05.mp4,2
2014-11-13.20:10.mp4,3
2014-11-13.20:15.mp4,2
2014-11-13.20:20.mp4,0
2014-11-13.20:25.mp4,3
2014-11-13.20:30.mp4,2
2014-11-13.20:35.mp4,0
2014-11-13.20:40.mp4,1
2014-11-13.20:45.mp4,2
2014-11-13.20:50.mp4,0
2014-11-13.20:55.mp4,1
2014-11-13.21:00.mp4,1
2014-11-13.21:05.mp4,1
2014-11-13.21:10.mp4,2
2014-11-13.21:15.mp4,3
2014-11-13.21:20.mp4,3
2014-11-13.21:25.mp4,5
2014-11-13.21:30.mp4,5
2014-11-13.21:35.mp4,5
2014-11-13.21:40.mp4,5
2014-11-13.21:45.mp4,5
2014-11-13.21:50.mp4,5
2014-11-13.21:55.mp4,5
2014-11-13.22:00.mp4,5
2014-11-13.22:05.mp4,3
2014-11-13.22:10.mp4,4
2014-11-13.22:15.mp4,3
2014-11-13.22:20.mp4,4
2014-11-13.22:25.mp4,3
2014-11-13.22:30.mp4,3
2014-11-13.22:35.mp4,2
2014-11-13.22:40.mp4,2
2014-11-13.22:45.mp4,1
2014-11-13.22:50.mp4,2
2014-11-13.22:55.mp4,1
2014-11-13.23:00.mp4,1
2014-11-13.23:05.mp4,0
2014-11-13.23:10.mp4,1
2014-11-13.23:15.mp4,2
2014-11-13.23:20.mp4,2
2014-11-13.23:25.mp4,0
2014-11-13.23:30.mp4,1
2014-11-13.23:35.mp4,1
2014-11-13.23:40.mp4,1
2014-11-13.23:45.mp4,1
2014-11-13.23:50.mp4,2
2014-11-13.23:55.mp4,2
2014-11-14.00:00.mp4,2
2014-11-14.00:05.mp4,0
2014-11-14.00:10.mp4,1
2014-11-14.00:15.mp4,2
2014-11-14.00:20.mp4,0
2014-11-14.00:25.mp4,1
2014-11-14.00:30.mp4,1
2014-11-14.00:35.mp4,0
2014-11-14.00:40.mp4,0
2014-11-14.00:45.mp4,1
2014-11-14.00:50.mp4,1
2014-11-14.00:55.mp4,1
2014-11-14.01:00.mp4,1
2014-11-14.01:05.mp4,0
2014-11-14.01:10.mp4,1
2014-11-14.01:15.mp4,1
2014-11-14.01:20.mp4,0
2014-11-14.01:25.mp4,1
2014-11-14.01:30.mp4,1
2014-11-14.01:35.mp4,1
2014-11-14.01:40.mp4,0
2014-11-14.01:45.mp4,1
2014-11-14.01:50.mp4,1
2014-11-14.01:55.mp4,0
2014-11-14.02:01.mp4,0
2014-11-14.02:06.mp4,0
2014-11-14.02:11.mp4,1
2014-11-14.02:16.mp4,1
2014-11-14.02:21.mp4,1
2014-11-14.02:26.mp4,0
2014-11-14.02:31.mp4,1
2014-11-14.02:36.mp4,0
2014-11-14.02:41.mp4,0
2014-11-14.02:46.mp4,0
2014-11-14.02:51.mp4,1
2014-11-14.02:56.mp4,1
2014-11-14.03:01.mp4,0
2014-11-14.03:06.mp4,1
2014-11-14.03:11.mp4,1
2014-11-14.03:16.mp4,1
2014-11-14.03:21.mp4,0
2014-11-14.03:26.mp4,3
2014-11-14.03:31.mp4,2
2014-11-14.03:36.mp4,2
2014-11-14.03:41.mp4,3
2014-11-14.03:46.mp4,4
2014-11-14.03:51.mp4,3
2014-11-14.03:56.mp4,3
2014-11-14.04:01.mp4,3
2014-11-14.04:06.mp4,1
2014-11-14.04:11.mp4,0
2014-11-14.04:16.mp4,1
2014-11-14.04:21.mp4,1
2014-11-14.04:26.mp4,1
2014-11-14.04:31.mp4,1
2014-11-14.04:36.mp4,0
2014-11-14.04:41.mp4,1
2014-11-14.04:46.mp4,1
2014-11-14.04:51.mp4,0
2014-11-14.04:56.mp4,1
2014-11-14.05:01.mp4,0
2014-11-14.05:06.mp4,0
2014-11-14.05:11.mp4,1
2014-11-14.05:16.mp4,1
2014-11-14.05:21.mp4,1
2014-11-14.05:26.mp4,0
2014-11-14.05:31.mp4,0
2014-11-14.05:36.mp4,1
2014-11-14.05:41.mp4,0
2014-11-14.05:46.mp4,0
2014-11-14.05:51.mp4,1
2014-11-14.05:56.mp4,0
2014-11-14.06:01.mp4,0
2014-11-14.06:06.mp4,1
2014-11-14.06:11.mp4,0
2014-11-14.06:16.mp4,0
2014-11-14.06:21.mp4,1
2014-11-14.06:26.mp4,0
2014-11-14.06:31.mp4,0
2014-11-14.06:36.mp4,0
2014-11-14.06:41.mp4,0
2014-11-14.06:46.mp4,1
2014-11-14.06:51.mp4,1
2014-11-14.06:56.mp4,0
2014-11-14.07:01.mp4,0
2014-11-14.07:06.mp4,0
2014-11-14.07:11.mp4,0
2014-11-14.07:16.mp4,0
2014-11-14.07:21.mp4,0
2014-11-14.07:26.mp4,0
2014-11-14.07:31.mp4,0
2014-11-14.07:36.mp4,1
2014-11-14.07:41.mp4,0
2014-11-14.07:46.mp4,0
2014-11-14.07:51.mp4,0
2014-11-14.07:56.mp4,1
2014-11-14.08:01.mp4,0
2014-11-14.08:06.mp4,0
2014-11-14.08:11.mp4,1
2014-11-14.08:16.mp4,1
2014-11-14.08:21.mp4,1
2014-11-14.08:26.mp4,0
2014-11-14.08:31.mp4,0
2014-11-14.08:36.mp4,0
2014-11-14.08:41.mp4,0
2014-11-14.08:46.mp4,0
2014-11-14.08:51.mp4,0
2014-11-14.08:56.mp4,0
2014-11-14.09:01.mp4,0
2014-11-14.09:06.mp4,0
2014-11-14.09:11.mp4,0
2014-11-14.09:16.mp4,0
2014-11-14.09:21.mp4,0
2014-11-14.09:26.mp4,0
2014-11-14.09:31.mp4,0
2014-11-14.09:36.mp4,0
2014-11-14.09:41.mp4,0
2014-11-14.09:46.mp4,0
2014-11-14.09:51.mp4,0
2014-11-14.09:56.mp4,0
2014-11-14.10:01.mp4,0
2014-11-14.10:06.mp4,0
2014-11-14.10:11.mp4,0
2014-11-14.10:16.mp4,1
2014-11-14.10:21.mp4,0
2014-11-14.10:26.mp4,0
2014-11-14.10:31.mp4,0
2014-11-14.10:36.mp4,0
2014-11-14.10:41.mp4,0
2014-11-14.10:46.mp4,0
2014-11-14.10:51.mp4,0
2014-11-14.10:56.mp4,0
2014-11-14.11:01.mp4,0
2014-11-14.11:06.mp4,0
2014-11-14.11:11.mp4,0
2014-11-14.11:16.mp4,2
2014-11-14.11:21.mp4,1
2014-11-14.11:26.mp4,1
2014-11-14.11:31.mp4,2
2014-11-14.11:36.mp4,2
2014-11-14.11:41.mp4,1
2014-11-14.11:46.mp4,2
2014-11-14.11:51.mp4,2
2014-11-14.11:56.mp4,2
2014-11-14.12:01.mp4,1
2014-11-14.12:06.mp4,0
2014-11-14.12:11.mp4,1
2014-11-14.12:16.mp4,3
2014-11-14.12:21.mp4,2
2014-11-14.12:26.mp4,3
2014-11-14.12:31.mp4,4
2014-11-14.12:36.mp4,4
2014-11-14.12:41.mp4,1
2014-11-14.12:46.mp4,2
2014-11-14.12:51.mp4,2
2014-11-14.12:56.mp4,2
2014-11-14.13:01.mp4,1
2014-11-14.13:06.mp4,0
2014-11-14.13:11.mp4,1
2014-11-14.13:16.mp4,2
2014-11-14.13:22.mp4,2
2014-11-14.13:27.mp4,1
2014-11-14.13:32.mp4,2
2014-11-14.13:37.mp4,0
2014-11-14.13:42.mp4,2
2014-11-14.13:47.mp4,1
2014-11-14.13:52.mp4,2
2014-11-14.13:57.mp4,0
2014-11-14.14:02.mp4,1
2014-11-14.14:07.mp4,0
2014-11-14.14:12.mp4,0
2014-11-14.14:17.mp4,1
2014-11-14.14:22.mp4,0
2014-11-14.14:27.mp4,0
2014-11-14.14:32.mp4,1
2014-11-14.14:37.mp4,0
2014-11-14.14:42.mp4,1
2014-11-14.14:47.mp4,1
2014-11-14.14:52.mp4,0
2014-11-14.14:57.mp4,1
2014-11-14.15:02.mp4,1
2014-11-14.15:07.mp4,0
2014-11-14.15:12.mp4,0
2014-11-14.15:17.mp4,0
2014-11-14.15:22.mp4,1
2014-11-14.15:27.mp4,1
2014-11-14.15:32.mp4,0
2014-11-14.15:37.mp4,0
2014-11-14.15:42.mp4,0
2014-11-14.15:47.mp4,0
2014-11-14.15:52.mp4,1
2014-11-14.15:57.mp4,1
2014-11-14.16:02.mp4,0
2014-11-14.16:07.mp4,1
2014-11-14.16:12.mp4,0
2014-11-14.16:17.mp4,1
2014-11-14.16:22.mp4,1
2014-11-14.16:27.mp4,0
2014-11-14.16:32.mp4,1
2014-11-14.16:37.mp4,0
2014-11-14.16:42.mp4,0
2014-11-14.16:47.mp4,1
2014-11-14.16:52.mp4,0
2014-11-14.16:57.mp4,2
2014-11-14.17:02.mp4,1
2014-11-14.17:07.mp4,1
2014-11-14.17:12.mp4,2
2014-11-14.17:17.mp4,2
2014-11-14.17:22.mp4,2
2014-11-14.17:27.mp4,2
2014-11-14.17:32.mp4,0
2014-11-14.17:37.mp4,2
2014-11-14.17:42.mp4,1
2014-11-14.17:47.mp4,2
2014-11-14.17:52.mp4,1
2014-11-14.17:57.mp4,2
2014-11-14.18:02.mp4,2
2014-11-14.18:07.mp4,2
2014-11-14.18:12.mp4,1
2014-11-14.18:17.mp4,1
2014-11-14.18:22.mp4,1
2014-11-14.18:27.mp4,0
2014-11-14.18:32.mp4,1
2014-11-14.18:37.mp4,1
2014-11-14.18:42.mp4,1
2014-11-14.18:47.mp4,1
2014-11-14.18:52.mp4,1
2014-11-14.18:57.mp4,1
2014-11-14.19:02.mp4,1
2014-11-14.19:07.mp4,1
2014-11-14.19:12.mp4,1
2014-11-14.19:17.mp4,1
2014-11-14.19:22.mp4,0
2014-11-14.19:27.mp4,2
2014-11-14.19:32.mp4,0
2014-11-14.19:37.mp4,1
2014-11-14.19:42.mp4,2
2014-11-14.19:47.mp4,2
2014-11-14.19:52.mp4,3
2014-11-14.19:57.mp4,3
2014-11-14.20:02.mp4,3
2014-11-14.20:07.mp4,3
2014-11-14.20:12.mp4,3
2014-11-14.20:17.mp4,1
2014-11-14.20:22.mp4,1
2014-11-14.20:27.mp4,1
2014-11-14.20:32.mp4,2
2014-11-14.20:37.mp4,1
2014-11-14.20:42.mp4,2
2014-11-14.20:47.mp4,2
2014-11-14.20:52.mp4,1
2014-11-14.20:57.mp4,1
2014-11-14.21:02.mp4,1
2014-11-14.21:07.mp4,2
2014-11-14.21:12.mp4,1
2014-11-14.21:17.mp4,4
2014-11-14.21:22.mp4,4
2014-11-14.21:27.mp4,5
2014-11-14.21:32.mp4,5
2014-11-14.21:37.mp4,5
2014-11-14.21:42.mp4,3
2014-11-14.21:47.mp4,1
2014-11-14.21:52.mp4,1
2014-11-14.21:57.mp4,1
2014-11-14.22:02.mp4,5
2014-11-14.22:07.mp4,2
2014-11-14.22:12.mp4,3
2014-11-14.22:17.mp4,2
2014-11-14.22:22.mp4,2
2014-11-14.22:27.mp4,2
2014-11-14.22:32.mp4,4
2014-11-14.22:37.mp4,2
2014-11-14.22:42.mp4,2
2014-11-14.22:47.mp4,1
2014-11-14.22:52.mp4,1
2014-11-14.22:57.mp4,1
2014-11-14.23:02.mp4,1
2014-11-14.23:07.mp4,2
2014-11-14.23:12.mp4,0
2014-11-14.23:17.mp4,1
2014-11-14.23:22.mp4,1
2014-11-14.23:27.mp4,0
2014-11-14.23:32.mp4,1
2014-11-14.23:37.mp4,0
2014-11-14.23:42.mp4,0
2014-11-14.23:47.mp4,1
2014-11-14.23:52.mp4,0
2014-11-14.23:57.mp4,1
2014-11-15.00:02.mp4,2
2014-11-15.00:07.mp4,0
2014-11-15.00:12.mp4,2
2014-11-15.00:17.mp4,0
2014-11-15.00:22.mp4,1
2014-11-15.00:28.mp4,0
2014-11-15.00:33.mp4,0
2014-11-15.00:38.mp4,0
2014-11-15.00:43.mp4,1
2014-11-15.00:48.mp4,0
2014-11-15.00:53.mp4,1
2014-11-15.00:58.mp4,1
2014-11-15.01:03.mp4,0
2014-11-15.01:08.mp4,0
2014-11-15.01:13.mp4,0
2014-11-15.01:18.mp4,0
2014-11-15.01:23.mp4,1
2014-11-15.01:28.mp4,0
2014-11-15.01:33.mp4,0
2014-11-15.01:38.mp4,1
2014-11-15.01:43.mp4,0
2014-11-15.01:48.mp4,0
2014-11-15.01:53.mp4,1
2014-11-15.01:58.mp4,0
2014-11-15.02:03.mp4,1
2014-11-15.02:08.mp4,2
2014-11-15.02:13.mp4,1
2014-11-15.02:18.mp4,0
2014-11-15.02:23.mp4,0
2014-11-15.02:28.mp4,1
2014-11-15.02:33.mp4,1
2014-11-15.02:38.mp4,0
2014-11-15.02:43.mp4,1
2014-11-15.02:48.mp4,1
2014-11-15.02:53.mp4,1
2014-11-15.02:58.mp4,1
2014-11-15.03:03.mp4,1
2014-11-15.03:08.mp4,1
2014-11-15.03:13.mp4,1
2014-11-15.03:18.mp4,1
2014-11-15.03:23.mp4,0
2014-11-15.03:28.mp4,1
2014-11-15.03:33.mp4,1
2014-11-15.03:38.mp4,1
2014-11-15.03:43.mp4,1
2014-11-15.03:48.mp4,1
2014-11-15.03:53.mp4,1
2014-11-15.03:58.mp4,0
2014-11-15.04:03.mp4,0
2014-11-15.04:08.mp4,1
2014-11-15.04:13.mp4,1
2014-11-15.04:18.mp4,0
2014-11-15.04:23.mp4,2
2014-11-15.04:28.mp4,1
2014-11-15.04:33.mp4,1
2014-11-15.04:38.mp4,0
2014-11-15.04:43.mp4,1
2014-11-15.04:48.mp4,1
2014-11-15.04:53.mp4,1
2014-11-15.04:58.mp4,1
2014-11-15.05:03.mp4,0
2014-11-15.05:08.mp4,1
2014-11-15.05:13.mp4,1
2014-11-15.05:18.mp4,1
2014-11-15.05:23.mp4,1
2014-11-15.05:28.mp4,0
2014-11-15.05:33.mp4,1
2014-11-15.05:38.mp4,1
2014-11-15.05:43.mp4,1
2014-11-15.05:48.mp4,1
2014-11-15.05:53.mp4,0
2014-11-15.05:58.mp4,0
2014-11-15.06:03.mp4,0
2014-11-15.06:08.mp4,0
2014-11-15.06:13.mp4,0
2014-11-15.06:18.mp4,0
2014-11-15.06:23.mp4,0
2014-11-15.06:28.mp4,1
2014-11-15.06:33.mp4,1
2014-11-15.06:38.mp4,0
2014-11-15.06:43.mp4,0
2014-11-15.06:48.mp4,0
2014-11-15.06:53.mp4,1
2014-11-15.06:58.mp4,0
2014-11-15.07:03.mp4,0
2014-11-15.07:08.mp4,0
2014-11-15.07:13.mp4,0
2014-11-15.07:18.mp4,0
2014-11-15.07:23.mp4,1
2014-11-15.07:28.mp4,0
2014-11-15.07:33.mp4,0
2014-11-15.07:38.mp4,0
2014-11-15.07:43.mp4,0
2014-11-15.07:48.mp4,1
2014-11-15.07:53.mp4,1
2014-11-15.07:58.mp4,0
2014-11-15.08:03.mp4,0
2014-11-15.08:08.mp4,0
2014-11-15.08:13.mp4,0
2014-11-15.08:18.mp4,0
2014-11-15.08:23.mp4,0
2014-11-15.08:28.mp4,1
2014-11-15.08:33.mp4,0
2014-11-15.08:38.mp4,0
2014-11-15.08:43.mp4,0
2014-11-15.08:48.mp4,0
2014-11-15.08:53.mp4,1
2014-11-15.08:58.mp4,0
2014-11-15.09:03.mp4,0
2014-11-15.09:08.mp4,1
2014-11-15.09:13.mp4,0
2014-11-15.09:18.mp4,0
2014-11-15.09:23.mp4,1
2014-11-15.09:28.mp4,0
2014-11-15.09:33.mp4,0
2014-11-15.09:38.mp4,1
2014-11-15.09:43.mp4,0
2014-11-15.09:48.mp4,0
2014-11-15.09:53.mp4,0
2014-11-15.09:58.mp4,0
2014-11-15.10:03.mp4,0
2014-11-15.10:08.mp4,0
2014-11-15.10:13.mp4,0
2014-11-15.10:18.mp4,0
2014-11-15.10:23.mp4,0
2014-11-15.10:28.mp4,0
2014-11-15.10:33.mp4,1
2014-11-15.10:38.mp4,0
2014-11-15.10:43.mp4,0
2014-11-15.10:48.mp4,0
2014-11-15.10:53.mp4,0
2014-11-15.10:58.mp4,1
2014-11-15.11:03.mp4,0
2014-11-15.11:08.mp4,0
2014-11-15.11:13.mp4,1
2014-11-15.11:18.mp4,0
2014-11-15.11:24.mp4,0
2014-11-15.11:29.mp4,0
2014-11-15.11:34.mp4,0
2014-11-15.11:39.mp4,0
2014-11-15.11:44.mp4,1
2014-11-15.11:49.mp4,0
2014-11-15.11:54.mp4,0
2014-11-15.11:59.mp4,0
2014-11-15.12:04.mp4,0
2014-11-15.12:09.mp4,0
2014-11-15.12:14.mp4,0
2014-11-15.12:19.mp4,0
2014-11-15.12:24.mp4,0
2014-11-15.12:29.mp4,0
2014-11-15.12:34.mp4,0
2014-11-15.12:39.mp4,0
2014-11-15.12:44.mp4,0
2014-11-15.12:49.mp4,1
2014-11-15.12:54.mp4,0
2014-11-15.12:59.mp4,0
2014-11-15.13:04.mp4,0
2014-11-15.13:09.mp4,0
2014-11-15.13:14.mp4,0
2014-11-15.13:19.mp4,0
2014-11-15.13:24.mp4,0
2014-11-15.13:29.mp4,0
2014-11-15.13:34.mp4,1
2014-11-15.13:39.mp4,0
2014-11-15.13:44.mp4,0
2014-11-15.13:49.mp4,0
2014-11-15.13:54.mp4,0
2014-11-15.13:59.mp4,0
2014-11-15.14:04.mp4,0
2014-11-15.14:09.mp4,0
2014-11-15.14:14.mp4,0
2014-11-15.14:19.mp4,0
2014-11-15.14:24.mp4,1
2014-11-15.14:29.mp4,0
2014-11-15.14:34.mp4,0
2014-11-15.14:39.mp4,1
2014-11-15.14:44.mp4,0
2014-11-15.14:49.mp4,0
2014-11-15.14:54.mp4,1
2014-11-15.14:59.mp4,1
2014-11-15.15:04.mp4,0
2014-11-15.15:09.mp4,1
2014-11-15.15:14.mp4,0
2014-11-15.15:19.mp4,1
2014-11-15.15:24.mp4,0
2014-11-15.15:29.mp4,0
2014-11-15.15:34.mp4,1
2014-11-15.15:39.mp4,1
2014-11-15.15:44.mp4,1
2014-11-15.15:49.mp4,1
2014-11-15.15:54.mp4,1
2014-11-15.15:59.mp4,2
2014-11-15.16:04.mp4,0
2014-11-15.16:09.mp4,2
2014-11-15.16:14.mp4,1
2014-11-15.16:19.mp4,2
2014-11-15.16:24.mp4,0
2014-11-15.16:29.mp4,1
2014-11-15.16:34.mp4,1
2014-11-15.16:39.mp4,0
2014-11-15.16:44.mp4,0
2014-11-15.16:49.mp4,1
2014-11-15.16:54.mp4,0
2014-11-15.16:59.mp4,0
2014-11-15.17:04.mp4,1
2014-11-15.17:09.mp4,0
2014-11-15.17:14.mp4,1
2014-11-15.17:19.mp4,1
2014-11-15.17:24.mp4,2
2014-11-15.17:29.mp4,0
2014-11-15.17:34.mp4,1
2014-11-15.17:39.mp4,1
2014-11-15.17:44.mp4,1
2014-11-15.17:49.mp4,1
